Type,Name,Request Count,Failure Count,Median Response Time,Average Response Time,Min Response Time,Max Response Time,Average Content Size,Requests/s,Failures/s,50%,66%,75%,80%,90%,95%,98%,99%,99.9%,99.99%,100%
GET,/product/dkp-16942497/,6158,5991,2400.0,3255.713880829839,119.202709000092,37612.851750003756,13159.977590126664,109.66031255620386,106.68641320627108,2400,2700,2900,3200,6000,11000,17000,19000,33000,38000,38000
,Aggregated,6158,5991,2400.0,3255.713880829839,119.202709000092,37612.851750003756,13159.977590126664,109.66031255620386,106.68641320627108,2400,2700,2900,3200,6000,11000,17000,19000,33000,38000,38000
